DBN,graduation_rate_2011,college_career_rate_2011,graduation_rate_2012,college_career_rate_2012,graduation_rate_2013,college_career_rate_2013,graduation_rate_2014,college_career_rate_2014,Address,Borough Name,Community Board,Council District ,Census Tract,NTA,Precinct,Population
01M292,0.563,0.519,0.507,0.4,0.58,0.32,0.43,0.41,220 HENRY STREET,MANHATTAN,3.0,1.0,201,Lower East Side,7.0,56355.0
01M448,0.7070000000000001,0.363,0.7440000000000001,0.6729999999999999,0.78,0.55,0.8,0.52,200 MONROE STREET,MANHATTAN,3.0,1.0,202,Lower East Side,7.0,56355.0
01M450,0.716,0.6920000000000001,0.727,0.557,0.76,0.58,0.82,0.69,420 EAST 12 STREET,MANHATTAN,3.0,2.0,34,East Village,9.0,76443.0
01M509,0.564,0.47700000000000004,0.595,0.479,0.36,0.38,0.48,0.26,145 STANTON STREET,MANHATTAN,3.0,1.0,"3,001",Chinatown,7.0,56355.0
01M539,0.953,0.87,0.975,0.828,0.98,0.84,0.95,0.89,111 COLUMBIA STREET,MANHATTAN,3.0,2.0,"2,201",Lower East Side,7.0,56355.0
01M696,0.976,0.9570000000000001,0.966,0.968,0.98,0.94,1.0,0.93,525 EAST HOUSTON STREET,MANHATTAN,3.0,2.0,"1,002",Lower East Side,7.0,56355.0
02M047,0.696,0.47100000000000003,0.5479999999999999,0.304,0.71,0.42,0.69,0.62,223 EAST 23 STREET,MANHATTAN,6.0,2.0,64,Gramercy,13.0,93640.0
02M288,0.82,0.627,0.773,0.596,0.84,0.53,0.77,0.49,525 WEST  50TH STREET,MANHATTAN,4.0,3.0,135,Clinton,18.0,54066.0
02M294,0.675,0.483,0.774,0.613,0.65,0.49,0.71,0.4,350 GRAND STREET,MANHATTAN,3.0,1.0,18,Chinatown,7.0,56355.0
02M296,0.7929999999999999,0.56,0.784,0.42700000000000005,0.66,0.52,0.73,0.47,525 WEST  50TH STREET,MANHATTAN,4.0,3.0,135,Clinton,18.0,54066.0
02M298,0.915,0.7959999999999999,0.8690000000000001,0.787,0.89,0.69,0.94,0.68,100 HESTER STREET,MANHATTAN,3.0,1.0,16,Chinatown,5.0,52568.0
02M300,0.6629999999999999,0.475,0.61,0.465,0.55,0.55,0.65,0.43,525 WEST  50TH STREET,MANHATTAN,4.0,3.0,135,Clinton,18.0,54066.0
02M303,0.5529999999999999,0.5,0.652,0.434,0.62,0.52,0.72,0.49,525 WEST  50TH STREET,MANHATTAN,4.0,3.0,135,Clinton,18.0,54066.0
02M305,0.6779999999999999,0.5479999999999999,0.7829999999999999,0.644,0.83,0.6,0.87,0.69,350 GRAND STREET,MANHATTAN,3.0,1.0,18,Chinatown,7.0,56355.0
02M308,0.762,0.478,0.6829999999999999,0.5870000000000001,0.75,0.52,0.72,0.61,350 GRAND STREET,MANHATTAN,3.0,1.0,18,Chinatown,7.0,56355.0
02M316,0.8029999999999999,0.64,0.705,0.639,0.75,0.48,0.77,0.62,26 BROADWAY,MANHATTAN,1.0,1.0,9,Battery Park City-Lower Manhattan,1.0,66679.0
02M374,0.778,0.40399999999999997,0.742,0.479,0.77,0.5,0.74,0.54,40 IRVING PLACE,MANHATTAN,6.0,2.0,50,Gramercy,13.0,93640.0
02M400,0.8320000000000001,0.7559999999999999,0.821,0.812,0.83,0.64,0.84,0.7,444 WEST 56 STREET,MANHATTAN,4.0,3.0,139,Clinton,18.0,54066.0
02M407,0.833,0.7090000000000001,0.8640000000000001,0.574,0.94,0.58,0.9,0.84,345 EAST  15TH STREET,MANHATTAN,6.0,2.0,48,Gramercy,13.0,93640.0
02M408,0.9309999999999999,0.608,0.9329999999999999,0.6829999999999999,0.96,0.66,0.94,0.66,328 WEST  48 STREET,MANHATTAN,4.0,3.0,127,Clinton,18.0,54066.0
02M411,1.0,0.981,1.0,0.9059999999999999,0.99,0.96,1.0,0.97,55 EAST  25 STREET,MANHATTAN,5.0,2.0,56,Hudson Yards-Chelsea-Flatiron-Union Square,13.0,93640.0
02M412,0.9640000000000001,0.774,0.9309999999999999,0.883,0.95,0.73,0.96,0.79,333 WEST  17 STREET,MANHATTAN,4.0,3.0,83,Hudson Yards-Chelsea-Flatiron-Union Square,10.0,50180.0
02M413,0.843,0.6559999999999999,0.831,0.632,0.85,0.77,0.91,0.78,127 EAST  22 STREET,MANHATTAN,5.0,2.0,68,Gramercy,13.0,93640.0
02M414,0.98,0.7170000000000001,1.0,0.857,0.98,0.91,0.97,0.81,333 WEST  17 STREET,MANHATTAN,4.0,3.0,83,Hudson Yards-Chelsea-Flatiron-Union Square,10.0,50180.0
02M416,1.0,0.9690000000000001,0.978,0.9740000000000001,1.0,0.97,1.0,0.89,411 EAST 76 STREET,MANHATTAN,8.0,5.0,132,Lenox Hill-Roosevelt Island,19.0,208259.0
02M418,0.973,0.88,1.0,0.8420000000000001,0.99,0.86,0.99,0.88,75 BROAD STREET,MANHATTAN,1.0,1.0,9,Battery Park City-Lower Manhattan,1.0,66679.0
02M419,0.531,0.5589999999999999,0.509,0.43200000000000005,0.5,0.41,0.66,0.35,351 WEST  18 STREET,MANHATTAN,4.0,3.0,89,Hudson Yards-Chelsea-Flatiron-Union Square,10.0,50180.0
02M420,0.8240000000000001,0.695,0.882,0.72,0.86,0.77,0.9,0.76,345 EAST  15TH STREET,MANHATTAN,6.0,2.0,48,Gramercy,13.0,93640.0
02M425,0.7909999999999999,0.385,0.5920000000000001,0.486,0.68,0.43,0.64,0.41,90 TRINITY PLACE,MANHATTAN,1.0,1.0,13,Battery Park City-Lower Manhattan,1.0,66679.0
02M439,0.978,0.82,0.98,0.767,0.97,0.83,0.99,0.85,43 WEST  22 STREET,MANHATTAN,5.0,3.0,58,Hudson Yards-Chelsea-Flatiron-Union Square,13.0,93640.0
02M449,0.6629999999999999,0.35100000000000003,0.7140000000000001,0.551,0.75,0.59,0.75,0.47,317 EAST  67 STREET,MANHATTAN,8.0,5.0,118,Lenox Hill-Roosevelt Island,19.0,208259.0
02M459,0.585,0.391,0.636,0.49200000000000005,0.56,0.55,0.71,0.52,317 EAST  67 STREET,MANHATTAN,8.0,5.0,118,Lenox Hill-Roosevelt Island,19.0,208259.0
02M489,0.8290000000000001,0.778,0.812,0.736,0.75,0.77,0.82,0.7,100 TRINITY PLACE,MANHATTAN,1.0,1.0,13,Battery Park City-Lower Manhattan,1.0,66679.0
02M500,0.655,0.527,0.7,0.5,0.68,0.4,0.68,0.28,111 EAST  33RD STREET,MANHATTAN,5.0,2.0,72,Murray Hill-Kips Bay,,
02M519,0.9520000000000001,0.75,0.956,0.821,0.96,0.81,0.95,0.76,317 EAST  67 STREET,MANHATTAN,8.0,5.0,118,Lenox Hill-Roosevelt Island,19.0,208259.0
02M520,0.6579999999999999,0.426,0.617,0.42200000000000004,0.51,0.43,0.51,0.36,411 PEARL STREET,MANHATTAN,1.0,1.0,29,Chinatown,5.0,52568.0
02M529,0.613,0.428,0.685,0.39799999999999996,0.66,0.43,0.61,0.45,120 WEST  46 STREET,MANHATTAN,5.0,4.0,119,Midtown-Midtown South,18.0,54066.0
02M531,0.8,0.36700000000000005,0.9129999999999999,0.625,0.96,0.61,0.98,0.71,123 WEST  43 STREET,MANHATTAN,5.0,4.0,119,Midtown-Midtown South,,
02M542,0.7759999999999999,0.48200000000000004,0.873,0.517,0.82,0.7,0.85,0.58,525 WEST  50TH STREET,MANHATTAN,4.0,3.0,135,Clinton,18.0,54066.0
02M543,0.722,0.34700000000000003,0.7929999999999999,0.478,0.85,0.58,0.82,0.47,350 GRAND STREET,MANHATTAN,3.0,1.0,18,Chinatown,7.0,56355.0
02M545,0.9740000000000001,0.87,0.925,0.948,0.98,0.88,0.96,0.83,350 GRAND STREET,MANHATTAN,3.0,1.0,18,Chinatown,7.0,56355.0
02M551,0.6890000000000001,0.442,0.86,0.544,0.71,0.71,0.76,0.51,"10 SOUTH STREET, SLIP 7",MANHATTAN,1.0,1.0,9,Battery Park City-Lower Manhattan,1.0,66679.0
02M580,0.608,0.574,0.7440000000000001,0.408,0.72,0.55,0.71,0.59,26 BROADWAY,MANHATTAN,1.0,1.0,9,Battery Park City-Lower Manhattan,1.0,66679.0
02M600,0.912,0.6970000000000001,0.89,0.642,0.91,0.66,0.92,0.68,225 WEST  24 STREET,MANHATTAN,4.0,3.0,91,Hudson Yards-Chelsea-Flatiron-Union Square,10.0,50180.0
02M615,0.597,0.251,0.727,0.253,0.8,0.41,0.85,0.56,131 AVENUE OF THE AMERICAS,MANHATTAN,2.0,3.0,37,SoHo-TriBeCa-Civic Center-Little Italy,1.0,66679.0
02M630,0.7909999999999999,0.505,0.8220000000000001,0.509,0.84,0.82,0.81,0.62,231-249 EAST 56 STREET,MANHATTAN,6.0,4.0,108,Turtle Bay-East Midtown,17.0,79126.0
02M655,0.759,0.466,0.687,0.46399999999999997,0.64,0.4,0.76,0.43,320 EAST  96 STREET,MANHATTAN,8.0,5.0,"15,601",Yorkville,19.0,208259.0
03M299,0.593,0.44,0.6629999999999999,0.37200000000000005,0.75,0.4,0.72,0.44,122 AMSTERDAM AVENUE,MANHATTAN,7.0,6.0,151,Lincoln Square,20.0,102624.0
03M307,0.7190000000000001,0.353,0.674,0.41700000000000004,0.61,0.4,0.67,0.41,122 AMSTERDAM AVENUE,MANHATTAN,7.0,6.0,151,Lincoln Square,20.0,102624.0
03M415,0.613,0.426,0.42700000000000005,0.419,0.44,0.31,0.5,0.23,215 WEST 114 STREET,MANHATTAN,10.0,9.0,218,Central Harlem South,28.0,44781.0
03M479,0.986,0.8170000000000001,0.978,0.887,0.99,0.84,0.99,0.84,227-243 WEST 61ST STREET,MANHATTAN,7.0,6.0,151,Lincoln Square,20.0,102624.0
03M492,0.745,0.523,0.794,0.531,0.74,0.41,0.72,0.48,122 AMSTERDAM AVENUE,MANHATTAN,7.0,6.0,151,Lincoln Square,20.0,102624.0
03M494,0.718,0.368,0.684,0.408,0.64,0.51,0.61,0.39,122 AMSTERDAM AVENUE,MANHATTAN,7.0,6.0,151,Lincoln Square,20.0,102624.0
03M541,0.875,0.9229999999999999,0.9540000000000001,0.821,0.91,0.89,0.98,0.89,122 AMSTERDAM AVENUE,MANHATTAN,7.0,6.0,151,Lincoln Square,20.0,102624.0
03M860,0.6829999999999999,0.585,0.677,0.524,0.65,0.59,0.73,0.42,215 WEST 114 STREET,MANHATTAN,10.0,9.0,218,Central Harlem South,28.0,44781.0
04M409,0.514,0.455,0.473,0.327,0.41,0.22,0.27,0.3,2351 1ST AVENUE,MANHATTAN,11.0,8.0,194,East Harlem North,25.0,47405.0
04M435,0.92,0.757,0.909,0.742,0.9,0.77,0.94,0.77,260 PLEASANT AVENUE,MANHATTAN,11.0,8.0,178,East Harlem North,25.0,47405.0
04M495,0.735,0.409,0.821,0.47,0.76,0.51,0.93,0.55,230 EAST 105 STREET,MANHATTAN,11.0,8.0,170,East Harlem South,23.0,73106.0
04M555,0.8059999999999999,0.379,0.8540000000000001,0.581,0.93,0.73,0.98,0.77,1573 MADISON AVENUE,MANHATTAN,11.0,8.0,"17,401",East Harlem South,23.0,73106.0
04M610,0.9840000000000001,0.982,1.0,0.828,1.0,0.91,1.0,0.97,105 EAST 106 STREET,MANHATTAN,11.0,8.0,172,East Harlem South,23.0,73106.0
04M680,0.623,0.473,0.627,0.28600000000000003,0.61,0.36,0.7,0.33,1680 LEXINGTON AVENUE,MANHATTAN,11.0,8.0,172,East Harlem South,23.0,73106.0
05M304,0.728,0.598,0.652,0.5870000000000001,0.69,0.45,0.66,0.47,6 EDGECOMBE AVENUE,MANHATTAN,10.0,9.0,"22,102",Central Harlem North-Polo Grounds,32.0,70942.0
05M369,0.7,0.397,0.75,0.5710000000000001,0.68,0.6,0.77,0.49,509 WEST 129 STREET,MANHATTAN,9.0,7.0,219,Manhattanville,26.0,49508.0
05M499,0.917,0.805,0.816,0.73,0.8,0.76,0.68,0.78,2581 7TH AVENUE,MANHATTAN,10.0,9.0,236,Central Harlem North-Polo Grounds,32.0,70942.0
05M670,0.789,0.5589999999999999,0.895,0.653,0.94,0.63,0.84,0.78,200-214 WEST 135TH STREET,MANHATTAN,10.0,9.0,228,Central Harlem North-Polo Grounds,32.0,70942.0
06M462,0.6759999999999999,0.515,0.585,0.429,0.64,0.42,0.55,0.4,549 AUDUBON AVENUE,MANHATTAN,12.0,10.0,277,Washington Heights North,34.0,112375.0
06M463,0.607,0.45299999999999996,0.642,0.373,0.62,0.45,0.61,0.33,549 AUDUBON AVENUE,MANHATTAN,12.0,10.0,277,Washington Heights North,34.0,112375.0
06M467,0.733,0.583,0.652,0.528,0.6,0.39,0.69,0.5,549 AUDUBON AVENUE,MANHATTAN,12.0,10.0,277,Washington Heights North,34.0,112375.0
06M468,0.609,0.40299999999999997,0.573,0.408,0.49,0.36,0.59,0.35,549 AUDUBON AVENUE,MANHATTAN,12.0,10.0,277,Washington Heights North,34.0,112375.0
06M540,0.826,0.545,0.747,0.634,0.73,0.65,0.76,0.49,443 WEST 135 STREET,MANHATTAN,9.0,9.0,"21,703",Manhattanville,26.0,49508.0
06M552,0.685,0.495,0.764,0.517,0.64,0.56,0.56,0.45,501 WEST 165TH,,,,,,33.0,77645.0
07X221,0.912,0.615,0.889,0.632,0.86,0.63,0.87,0.51,360 EAST 145 STREET,BRONX    ,1.0,8.0,43,Mott Haven-Port Morris,40.0,91497.0
07X334,0.59,0.302,0.473,0.41,0.31,0.28,0.4,0.19,345 BROOK AVENUE,BRONX    ,1.0,8.0,41,Mott Haven-Port Morris,40.0,91497.0
07X427,0.731,0.579,0.603,0.603,0.69,0.53,0.63,0.46,350 GERARD AVENUE,BRONX    ,1.0,8.0,63,West Concourse,40.0,91497.0
07X473,0.583,0.485,0.6459999999999999,0.39299999999999996,0.51,0.42,0.57,0.27,701 ST. ANNS AVENUE,BRONX    ,1.0,17.0,71,Melrose South-Mott Haven North,40.0,91497.0
07X495,0.899,0.603,0.889,0.706,0.85,0.69,0.94,0.65,701 ST. ANNS AVENUE,BRONX    ,1.0,17.0,71,Melrose South-Mott Haven North,40.0,91497.0
07X500,0.9079999999999999,0.82,0.7859999999999999,0.736,0.75,0.76,0.88,0.64,600 SAINT ANN'S AVENUE,BRONX    ,1.0,17.0,73,Melrose South-Mott Haven North,40.0,91497.0
07X520,0.573,0.544,0.5329999999999999,0.573,0.48,0.34,0.42,0.41,470 JACKSON AVENUE,BRONX    ,1.0,8.0,35,Mott Haven-Port Morris,40.0,91497.0
07X527,0.573,0.387,0.648,0.373,0.62,0.55,0.65,0.55,730 CONCOURSE VILLAGE WEST,BRONX    ,4.0,17.0,61,East Concourse-Concourse Village,44.0,146441.0
07X547,0.5,0.217,0.578,0.195,0.54,0.25,0.54,0.28,730 CONCOURSE VILLAGE WEST,BRONX    ,4.0,17.0,61,East Concourse-Concourse Village,44.0,146441.0
07X548,0.866,0.6629999999999999,0.7290000000000001,0.5489999999999999,0.68,0.48,0.74,0.45,730 CONCOURSE VILLAGE WEST,BRONX    ,4.0,17.0,61,East Concourse-Concourse Village,44.0,146441.0
07X551,0.831,0.605,0.778,0.6629999999999999,0.87,0.65,0.65,0.58,339 MORRIS AVENUE,BRONX    ,1.0,8.0,51,Mott Haven-Port Morris,40.0,91497.0
07X600,0.537,0.141,0.561,0.146,0.51,0.23,0.64,0.19,333 EAST 151 STREET,BRONX    ,1.0,17.0,67,Melrose South-Mott Haven North,40.0,91497.0
07X670,0.742,0.664,0.738,0.632,0.69,0.54,0.56,0.47,350 GERARD AVENUE,BRONX    ,1.0,8.0,63,West Concourse,40.0,91497.0
08X282,0.8640000000000001,0.6579999999999999,0.6759999999999999,0.742,0.66,0.43,0.72,0.51,456 WHITE PLAINS ROAD,BRONX    ,9.0,18.0,4,Soundview-Castle Hill-Clason Point-Harding Park,43.0,172122.0
08X293,0.7170000000000001,0.353,0.6559999999999999,0.39399999999999996,0.8,0.41,0.73,0.54,3000 EAST TREMONT AVENUE,BRONX    ,10.0,13.0,194,Schuylerville-Throgs Neck-Edgewater Park,45.0,120833.0
08X305,0.514,0.27399999999999997,0.611,0.376,0.61,0.27,0.7,0.3,1980 LAFAYETTE AVENUE,BRONX    ,9.0,18.0,16,Soundview-Castle Hill-Clason Point-Harding Park,43.0,172122.0
08X312,0.713,0.306,0.613,0.278,0.66,0.34,0.68,0.45,1980 LAFAYETTE AVENUE,BRONX    ,9.0,18.0,16,Soundview-Castle Hill-Clason Point-Harding Park,43.0,172122.0
08X332,0.59,0.28600000000000003,0.522,0.37,0.51,0.27,0.46,0.28,965 LONGWOOD AVENUE,BRONX    ,2.0,17.0,87,Longwood,41.0,52246.0
08X405,0.506,0.418,0.502,0.33799999999999997,0.54,0.33,0.52,0.37,3000 EAST TREMONT AVENUE,BRONX    ,10.0,13.0,194,Schuylerville-Throgs Neck-Edgewater Park,45.0,120833.0
08X452,0.698,0.49200000000000005,0.639,0.395,0.52,0.45,0.57,0.32,1980 LAFAYETTE AVENUE,BRONX    ,9.0,18.0,16,Soundview-Castle Hill-Clason Point-Harding Park,43.0,172122.0
08X519,0.63,0.272,0.664,0.34600000000000003,0.43,0.32,0.42,0.24,1440 STORY AVENUE,BRONX    ,9.0,17.0,28,Soundview-Castle Hill-Clason Point-Harding Park,43.0,172122.0
08X530,0.556,0.327,0.49200000000000005,0.32299999999999995,0.42,0.33,0.4,0.22,965 LONGWOOD AVENUE,BRONX    ,2.0,17.0,87,Longwood,41.0,52246.0
09X227,0.473,0.364,0.56,0.374,0.57,0.34,0.55,0.34,240 EAST 172 STREET,BRONX    ,4.0,16.0,225,East Concourse-Concourse Village,44.0,146441.0
09X231,0.716,0.563,0.726,0.526,0.68,0.58,0.71,0.51,4143 THIRD AVENUE,BRONX    ,6.0,15.0,395,Claremont-Bathgate,48.0,83266.0
09X250,0.741,0.475,0.818,0.5,0.82,0.46,0.85,0.68,1363 FULTON AVENUE,BRONX    ,3.0,16.0,"14,701",Claremont-Bathgate,42.0,79762.0
09X252,0.833,0.523,0.8190000000000001,0.6759999999999999,0.85,0.65,0.69,0.69,1595 BATHGATE AVENUE,BRONX    ,3.0,16.0,167,Claremont-Bathgate,42.0,79762.0
09X260,0.847,0.6829999999999999,0.8809999999999999,0.6629999999999999,0.92,0.78,0.88,0.83,1363 FULTON AVENUE,BRONX    ,3.0,16.0,"14,701",Claremont-Bathgate,42.0,79762.0
09X263,0.657,0.5710000000000001,0.65,0.402,0.65,0.41,0.58,0.49,1595 BATHGATE AVENUE,BRONX    ,3.0,16.0,167,Claremont-Bathgate,42.0,79762.0
09X276,0.575,0.303,0.446,0.391,0.56,0.28,0.41,0.25,1701 FULTON AVENUE,BRONX    ,3.0,15.0,165,Claremont-Bathgate,42.0,79762.0
09X297,0.6859999999999999,0.301,0.635,0.295,0.63,0.34,0.59,0.39,1110 BOSTON ROAD,BRONX    ,3.0,16.0,135,Morrisania-Melrose,42.0,79762.0
09X329,0.489,0.337,0.5429999999999999,0.344,0.33,0.37,0.44,0.24,240 EAST 172 STREET,BRONX    ,4.0,16.0,225,East Concourse-Concourse Village,44.0,146441.0
09X403,0.59,0.43799999999999994,0.631,0.41,0.5,0.45,0.68,0.33,1110 BOSTON ROAD,BRONX    ,3.0,16.0,135,Morrisania-Melrose,42.0,79762.0
09X404,0.635,0.28800000000000003,0.569,0.294,0.62,0.27,0.5,0.4,1110 BOSTON ROAD,BRONX    ,3.0,16.0,135,Morrisania-Melrose,42.0,79762.0
09X412,0.508,0.304,0.425,0.303,0.43,0.34,0.45,0.23,240 EAST 172 STREET,BRONX    ,4.0,16.0,225,East Concourse-Concourse Village,44.0,146441.0
09X413,0.7829999999999999,0.7120000000000001,0.925,0.565,0.88,0.84,0.83,0.69,240 EAST 172 STREET,BRONX    ,4.0,16.0,225,East Concourse-Concourse Village,44.0,146441.0
09X505,0.7070000000000001,0.626,0.738,0.616,0.84,0.66,0.77,0.7,244 EAST 163 STREET,BRONX    ,4.0,16.0,"18,302",East Concourse-Concourse Village,44.0,146441.0
09X517,0.8,0.528,0.785,0.522,0.69,0.49,0.72,0.32,3630 THIRD AVENUE,BRONX    ,3.0,16.0,"14,701",Claremont-Bathgate,42.0,79762.0
09X525,0.6709999999999999,0.583,0.6990000000000001,0.419,0.57,0.48,0.61,0.37,1710 WEBSTER AVENUE,BRONX    ,3.0,15.0,165,Claremont-Bathgate,42.0,79762.0
09X543,0.765,0.319,0.7140000000000001,0.33299999999999996,0.49,0.41,0.62,0.3,1110 BOSTON ROAD,BRONX    ,3.0,16.0,135,Morrisania-Melrose,42.0,79762.0
10X141,0.87,0.784,0.8390000000000001,0.82,0.78,0.67,0.83,0.61,660 WEST 237 STREET,BRONX    ,8.0,11.0,309,North Riverdale-Fieldston-Riverdale,50.0,101720.0
10X213,0.69,0.42200000000000004,0.6990000000000001,0.457,0.74,0.44,0.6,0.5,99 TERRACE VIEW AVENUE,BRONX    ,8.0,10.0,309,Marble Hill-Inwood,50.0,101720.0
10X237,0.6409999999999999,0.662,0.784,0.397,0.67,0.66,0.68,0.53,120 WEST 231 STREET,BRONX    ,8.0,14.0,273,Van Cortlandt Village,50.0,101720.0
10X243,0.586,0.324,0.667,0.457,0.74,0.38,0.65,0.4,500 EAST FORDHAM ROAD,BRONX    ,6.0,15.0,387,Belmont,48.0,83266.0
10X268,0.593,0.24100000000000002,0.48200000000000004,0.311,0.48,0.47,0.57,0.4,2780 RESERVOIR AVENUE,BRONX    ,7.0,11.0,409,Van Cortlandt Village,52.0,139307.0
10X284,0.6940000000000001,0.465,0.723,0.439,0.66,0.47,0.65,0.47,99 TERRACE VIEW AVENUE,BRONX    ,8.0,10.0,309,Marble Hill-Inwood,50.0,101720.0
10X342,0.64,0.282,0.711,0.34,0.65,0.38,0.61,0.37,2780 RESERVOIR AVENUE,BRONX    ,7.0,11.0,409,Van Cortlandt Village,52.0,139307.0
10X368,0.7709999999999999,0.5,0.8390000000000001,0.593,0.69,0.68,0.9,0.58,2975 TIBBETT AVENUE,BRONX    ,8.0,11.0,"29,302",Spuyten Duyvil-Kingsbridge,50.0,101720.0
10X433,0.7020000000000001,0.307,0.529,0.529,0.68,0.3,0.72,0.39,2780 RESERVOIR AVENUE,BRONX    ,7.0,11.0,409,Van Cortlandt Village,52.0,139307.0
10X434,0.726,0.423,0.66,0.466,0.65,0.34,0.7,0.48,500 EAST FORDHAM ROAD,BRONX    ,6.0,15.0,387,Belmont,48.0,83266.0
10X437,0.855,0.325,0.7559999999999999,0.319,0.85,0.33,0.77,0.44,500 EAST FORDHAM ROAD,BRONX    ,6.0,15.0,387,Belmont,48.0,83266.0
10X438,0.457,0.311,0.526,0.37799999999999995,0.38,0.31,0.4,0.22,500 EAST FORDHAM ROAD,BRONX    ,6.0,15.0,387,Belmont,48.0,83266.0
10X439,0.531,0.299,0.586,0.302,0.68,0.45,0.75,0.41,500 EAST FORDHAM ROAD,BRONX    ,6.0,15.0,387,Belmont,48.0,83266.0
10X440,0.5710000000000001,0.43200000000000005,0.499,0.40299999999999997,0.55,0.34,0.45,0.39,100 WEST MOSHOLU PARKWAY SOUTH,BRONX    ,7.0,11.0,409,Van Cortlandt Village,52.0,139307.0
10X442,0.7879999999999999,0.5479999999999999,0.8220000000000001,0.624,0.87,0.54,0.89,0.62,2780 RESERVOIR AVENUE,BRONX    ,7.0,11.0,409,Van Cortlandt Village,52.0,139307.0
10X477,0.8109999999999999,0.6920000000000001,0.922,0.632,0.9,0.74,0.91,0.76,99 TERRACE VIEW AVENUE,BRONX    ,8.0,10.0,309,Marble Hill-Inwood,50.0,101720.0
10X546,0.59,0.42700000000000005,0.731,0.41,0.74,0.5,0.71,0.54,99 TERRACE VIEW AVENUE,BRONX    ,8.0,10.0,309,Marble Hill-Inwood,50.0,101720.0
10X549,0.622,0.415,0.541,0.44799999999999995,0.57,0.37,0.63,0.29,2780 RESERVOIR AVENUE,BRONX    ,7.0,11.0,409,Van Cortlandt Village,52.0,139307.0
11X253,0.615,0.397,0.568,0.33299999999999996,0.54,0.27,0.62,0.18,800 EAST GUN HILL ROAD,BRONX    ,12.0,12.0,372,Williamsbridge-Olinville,47.0,152374.0
11X265,0.6920000000000001,0.46,0.578,0.418,0.66,0.39,0.69,0.41,800 EAST GUN HILL ROAD,BRONX    ,12.0,12.0,372,Williamsbridge-Olinville,47.0,152374.0
11X270,0.575,0.5,0.6990000000000001,0.405,0.74,0.34,0.68,0.43,921 EAST 228TH STREET,BRONX    ,12.0,12.0,404,Williamsbridge-Olinville,47.0,152374.0
11X275,0.762,0.517,0.8190000000000001,0.519,0.85,0.67,0.85,0.53,800 EAST GUN HILL ROAD,BRONX    ,12.0,12.0,372,Williamsbridge-Olinville,47.0,152374.0
11X288,0.8059999999999999,0.653,0.895,0.612,0.89,0.81,0.82,0.72,925 ASTOR AVENUE,BRONX    ,11.0,13.0,324,Bronxdale,49.0,114712.0
11X290,0.7090000000000001,0.54,0.735,0.615,0.66,0.67,0.7,0.62,800 EAST GUN HILL ROAD,BRONX    ,12.0,12.0,372,Williamsbridge-Olinville,47.0,152374.0
11X299,0.655,0.46,0.685,0.414,0.63,0.45,0.65,0.49,925 ASTOR AVENUE,BRONX    ,11.0,13.0,324,Bronxdale,49.0,114712.0
11X418,0.644,0.381,0.624,0.373,0.58,0.35,0.57,0.34,2040 ANTIN PL,BRONX    ,11.0,13.0,228,Pelham Parkway,49.0,114712.0
11X455,0.621,0.363,0.6509999999999999,0.321,0.58,0.34,0.66,0.34,750 BAYCHESTER AVENUE,BRONX    ,10.0,12.0,"46,201",Co-op City,45.0,120833.0
11X513,0.545,0.516,0.743,0.5,0.84,0.57,0.75,0.72,921 EAST 228TH STREET,BRONX    ,12.0,12.0,404,Williamsbridge-Olinville,47.0,152374.0
11X514,0.46399999999999997,0.183,0.5,0.281,0.57,0.24,0.72,0.34,921 EAST 228TH STREET,BRONX    ,12.0,12.0,404,Williamsbridge-Olinville,47.0,152374.0
11X542,0.925,0.7909999999999999,0.9129999999999999,0.8320000000000001,0.95,0.83,0.89,0.79,925 ASTOR AVENUE,BRONX    ,11.0,13.0,324,Bronxdale,49.0,114712.0
11X544,0.745,0.364,0.721,0.491,0.71,0.57,0.73,0.31,800 EAST GUN HILL ROAD,BRONX    ,12.0,12.0,372,Williamsbridge-Olinville,47.0,152374.0
12X248,0.7,0.42700000000000005,0.747,0.532,0.71,0.42,0.63,0.59,1180 REV. J.A. POLITE AVE.,BRONX    ,2.0,17.0,131,Longwood,41.0,52246.0
12X251,0.6920000000000001,0.342,0.625,0.41700000000000004,0.55,0.41,0.65,0.35,1619 BOSTON ROAD,BRONX    ,3.0,17.0,155,Crotona Park East,42.0,79762.0
12X271,0.75,0.34700000000000003,0.75,0.42,0.7,0.46,0.8,0.45,1716 SOUTHERN BOULEVARD,BRONX    ,3.0,17.0,161,Crotona Park East,42.0,79762.0
12X278,0.514,0.221,0.41600000000000004,0.214,0.43,0.23,0.33,0.17,1180 REV. J.A. POLITE AVE.,BRONX    ,2.0,17.0,131,Longwood,41.0,52246.0
12X682,0.588,0.424,0.589,0.309,0.66,0.44,0.66,0.41,1021 JENNINGS STREET,BRONX    ,3.0,17.0,157,Crotona Park East,42.0,79762.0
12X684,0.5760000000000001,0.542,0.5670000000000001,0.28800000000000003,0.65,0.38,0.62,0.41,1122 EAST 180 STREET,BRONX    ,6.0,15.0,220,East Tremont,48.0,83266.0
12X692,0.47700000000000004,0.27399999999999997,0.41600000000000004,0.252,0.45,0.27,0.44,0.28,1300 BOYNTON AVENUE,BRONX    ,9.0,18.0,56,West Farms-Bronx River,43.0,172122.0
13K265,0.795,0.395,0.795,0.507,0.63,0.44,0.66,0.36,101 PARK AVENUE,BROOKLYN ,2.0,35.0,211,Fort Greene,88.0,51421.0
13K350,0.6,0.49,0.607,0.6,0.49,0.47,0.6,0.32,49 FLATBUSH AVENUE EXTENSION,BROOKLYN ,2.0,33.0,15,DUMBO-Vinegar Hill-Downtown Brooklyn-Boerum Hill,84.0,48196.0
13K412,0.6629999999999999,0.33799999999999997,0.648,0.462,0.7,0.44,0.78,0.46,300 WILLOUGHBY AVENUE,BROOKLYN ,3.0,33.0,235,Clinton Hill,79.0,90263.0
13K419,0.802,0.39899999999999997,0.738,0.565,0.69,0.51,0.71,0.44,49 FLATBUSH AVENUE EXTENSION,BROOKLYN ,2.0,33.0,15,DUMBO-Vinegar Hill-Downtown Brooklyn-Boerum Hill,84.0,48196.0
13K439,0.872,0.617,0.815,0.5429999999999999,0.85,0.64,0.89,0.63,49 FLATBUSH AVENUE EXTENSION,BROOKLYN ,2.0,33.0,15,DUMBO-Vinegar Hill-Downtown Brooklyn-Boerum Hill,84.0,48196.0
13K483,0.8640000000000001,0.7979999999999999,0.9129999999999999,0.83,0.89,0.82,0.88,0.82,283 ADAMS STREET,BROOKLYN ,2.0,33.0,11,DUMBO-Vinegar Hill-Downtown Brooklyn-Boerum Hill,84.0,48196.0
13K499,0.6709999999999999,0.341,0.7190000000000001,0.39299999999999996,0.71,0.43,0.67,0.62,561 GRAND AVENUE,BROOKLYN ,8.0,35.0,305,Crown Heights North,77.0,96309.0
13K595,0.9670000000000001,0.9209999999999999,0.968,0.7559999999999999,0.95,0.82,0.98,0.79,1119 BEDFORD AVENUE,BROOKLYN ,3.0,36.0,243,Bedford,79.0,90263.0
13K605,0.633,0.322,0.615,0.466,0.67,0.33,0.79,0.35,105 JOHNSON STREET,BROOKLYN ,2.0,33.0,13,DUMBO-Vinegar Hill-Downtown Brooklyn-Boerum Hill,84.0,48196.0
13K670,0.9259999999999999,0.722,0.941,0.722,0.95,0.76,0.95,0.79,71-77 CLINTON AVENUE,BROOKLYN ,2.0,35.0,191,Clinton Hill,88.0,51421.0
14K071,0.456,0.327,0.46399999999999997,0.359,0.48,0.3,0.59,0.35,215 HEYWARD STREET,BROOKLYN ,1.0,33.0,529,Williamsburg,90.0,116836.0
14K454,0.593,0.316,0.685,0.419,0.49,0.3,0.51,0.22,223 GRAHAM AVENUE,BROOKLYN ,1.0,34.0,505,East Williamsburg,90.0,116836.0
14K474,0.629,0.38,0.753,0.39899999999999997,0.59,0.44,0.59,0.35,850 GRAND STREET,BROOKLYN ,1.0,34.0,485,Bushwick South,90.0,116836.0
14K477,0.6709999999999999,0.391,0.688,0.524,0.43,0.45,0.54,0.27,850 GRAND STREET,BROOKLYN ,1.0,34.0,485,Bushwick South,90.0,116836.0
14K478,0.847,0.43200000000000005,0.773,0.544,0.73,0.5,0.76,0.71,850 GRAND STREET,BROOKLYN ,1.0,34.0,485,Bushwick South,90.0,116836.0
14K488,0.79,0.507,0.7609999999999999,0.617,0.74,0.54,0.83,0.54,257 NORTH  6 STREET,BROOKLYN ,1.0,33.0,519,North Side-South Side,94.0,56247.0
14K558,0.882,0.505,0.883,0.48,0.9,0.52,0.91,0.52,257 NORTH  6 STREET,BROOKLYN ,1.0,33.0,519,North Side-South Side,94.0,56247.0
14K561,0.91,0.591,0.9079999999999999,0.73,0.89,0.67,0.87,0.66,257 NORTH  6 STREET,BROOKLYN ,1.0,33.0,519,North Side-South Side,94.0,56247.0
14K610,0.536,0.185,0.636,0.264,0.45,0.38,0.49,0.24,50 BEDFORD AVENUE,BROOKLYN ,1.0,33.0,517,North Side-South Side,94.0,56247.0
14K685,0.6890000000000001,0.268,0.6809999999999999,0.35600000000000004,0.78,0.34,0.64,0.33,250 HOOPER STREET,BROOKLYN ,1.0,33.0,529,Williamsburg,90.0,116836.0
15K429,0.613,0.462,0.65,0.493,0.75,0.54,0.54,0.57,284 BALTIC STREET,BROOKLYN ,6.0,33.0,69,DUMBO-Vinegar Hill-Downtown Brooklyn-Boerum Hill,76.0,43694.0
15K448,0.909,0.684,0.823,0.7659999999999999,0.87,0.74,0.9,0.7,610 HENRY STREET,BROOKLYN ,6.0,39.0,63,Carroll Gardens-Columbia Street-Red Hook,76.0,43694.0
15K462,0.75,0.433,0.813,0.47100000000000003,0.82,0.53,0.85,0.56,237 7 AVENUE,BROOKLYN ,6.0,39.0,155,Park Slope-Gowanus,78.0,61099.0
15K463,0.614,0.45799999999999996,0.62,0.45799999999999996,0.65,0.42,0.61,0.42,237 7 AVENUE,BROOKLYN ,6.0,39.0,155,Park Slope-Gowanus,78.0,61099.0
15K464,0.6,0.517,0.625,0.435,0.39,0.5,0.61,0.36,237 7 AVENUE,BROOKLYN ,6.0,39.0,155,Park Slope-Gowanus,78.0,61099.0
15K519,0.574,0.295,0.72,0.318,0.79,0.41,0.73,0.48,347 BALTIC STREET,BROOKLYN ,6.0,33.0,69,DUMBO-Vinegar Hill-Downtown Brooklyn-Boerum Hill,76.0,43694.0
15K656,0.885,0.52,0.778,0.625,0.83,0.59,0.79,0.63,345 DEAN STREET,BROOKLYN ,2.0,33.0,39,DUMBO-Vinegar Hill-Downtown Brooklyn-Boerum Hill,84.0,48196.0
16K393,0.652,0.718,0.511,0.318,0.78,0.19,0.65,0.43,1014 LAFAYETTE AVENUE,BROOKLYN ,3.0,36.0,291,Stuyvesant Heights,81.0,62722.0
16K455,0.457,0.19699999999999998,0.386,0.212,0.44,0.19,0.42,0.2,1700 FULTON STREET,BROOKLYN ,3.0,36.0,271,Crown Heights North,81.0,62722.0
16K498,0.773,0.373,0.7170000000000001,0.41200000000000003,0.59,0.41,0.79,0.33,1396 BROADWAY,BROOKLYN ,3.0,41.0,375,Stuyvesant Heights,81.0,62722.0
17K382,0.617,0.647,0.722,0.40700000000000003,0.71,0.53,0.63,0.47,911 FLATBUSH AVENUE,BROOKLYN ,14.0,40.0,794,Erasmus,70.0,160664.0
17K408,0.7240000000000001,0.5710000000000001,0.607,0.539,0.46,0.42,0.68,0.24,911 FLATBUSH AVENUE,BROOKLYN ,14.0,40.0,794,Erasmus,70.0,160664.0
17K524,0.616,0.25,0.573,0.43200000000000005,0.66,0.43,0.57,0.39,883 CLASSON AVENUE,BROOKLYN ,9.0,35.0,213,Crown Heights South,71.0,98429.0
17K528,0.5329999999999999,0.486,0.767,0.317,0.57,0.52,0.55,0.33,883 CLASSON AVENUE,BROOKLYN ,9.0,35.0,213,Crown Heights South,71.0,98429.0
17K531,0.787,0.433,0.847,0.36,0.7,0.58,0.82,0.48,600 KINGSTON AVENUE,BROOKLYN ,9.0,40.0,810,Prospect Lefferts Gardens-Wingate,71.0,98429.0
17K533,0.6459999999999999,0.431,0.675,0.415,0.54,0.44,0.63,0.3,600 KINGSTON AVENUE,BROOKLYN ,9.0,40.0,810,Prospect Lefferts Gardens-Wingate,71.0,98429.0
17K537,0.5870000000000001,0.461,0.6990000000000001,0.322,0.68,0.51,0.71,0.46,911 FLATBUSH AVENUE,BROOKLYN ,14.0,40.0,794,Erasmus,70.0,160664.0
17K539,0.748,0.449,0.75,0.435,0.71,0.38,0.75,0.38,911 FLATBUSH AVENUE,BROOKLYN ,14.0,40.0,794,Erasmus,70.0,160664.0
17K543,0.943,0.934,0.986,0.843,0.96,0.97,0.95,0.89,911 FLATBUSH AVENUE,BROOKLYN ,14.0,40.0,794,Erasmus,70.0,160664.0
17K546,0.96,0.905,0.9620000000000001,0.8220000000000001,0.94,0.81,0.93,0.76,600 KINGSTON AVENUE,BROOKLYN ,9.0,40.0,810,Prospect Lefferts Gardens-Wingate,71.0,98429.0
17K547,0.703,0.523,0.688,0.469,0.64,0.42,0.78,0.48,883 CLASSON AVENUE,BROOKLYN ,9.0,35.0,213,Crown Heights South,71.0,98429.0
17K548,0.705,0.391,0.7440000000000001,0.364,0.68,0.4,0.72,0.38,883 CLASSON AVENUE,BROOKLYN ,9.0,35.0,213,Crown Heights South,71.0,98429.0
17K590,0.975,0.684,0.988,0.7559999999999999,0.96,0.84,0.92,0.72,1186 CARROLL STREET,BROOKLYN ,9.0,35.0,321,Crown Heights South,71.0,98429.0
17K600,0.662,0.48100000000000004,0.726,0.5529999999999999,0.72,0.58,0.77,0.58,901 CLASSON AVENUE,BROOKLYN ,9.0,35.0,213,Crown Heights South,71.0,98429.0
19K404,0.855,0.5379999999999999,0.7090000000000001,0.5920000000000001,0.65,0.49,0.8,0.49,1065 ELTON STREET,BROOKLYN ,5.0,42.0,"1,070",East New York,75.0,183328.0
19K409,0.866,0.6,0.8029999999999999,0.522,0.87,0.62,0.93,0.62,2057 LINDEN BOULEVARD,BROOKLYN ,5.0,42.0,"1,104",East New York,75.0,183328.0
19K504,0.715,0.212,0.616,0.293,0.57,0.24,0.52,0.25,400 PENNSYLVANIA AVENUE,BROOKLYN ,5.0,42.0,"1,156",East New York (Pennsylvania Ave),75.0,183328.0
19K507,0.629,0.396,0.634,0.381,0.7,0.37,0.71,0.34,400 PENNSYLVANIA AVENUE,BROOKLYN ,5.0,42.0,"1,156",East New York (Pennsylvania Ave),75.0,183328.0
19K510,0.6629999999999999,0.305,0.654,0.429,0.65,0.47,0.58,0.48,400 PENNSYLVANIA AVENUE,BROOKLYN ,5.0,42.0,"1,156",East New York (Pennsylvania Ave),75.0,183328.0
19K615,0.852,0.43,0.7070000000000001,0.485,0.67,0.42,0.64,0.37,1 WELLS STREET,BROOKLYN ,5.0,37.0,"1,196",East New York,75.0,183328.0
19K659,0.531,0.389,0.505,0.363,0.47,0.34,0.5,0.31,999 JAMAICA AVENUE,BROOKLYN ,5.0,37.0,"1,180",park-cemetery-etc-Brooklyn,75.0,183328.0
19K660,0.607,0.165,0.6729999999999999,0.253,0.65,0.3,0.5,0.26,145 PENNSYLVANIA AVENUE,BROOKLYN ,5.0,37.0,"1,144",East New York (Pennsylvania Ave),75.0,183328.0
20K445,0.71,0.522,0.726,0.565,0.68,0.6,0.7,0.54,1601 80 STREET,BROOKLYN ,11.0,43.0,182,Bensonhurst West,62.0,181981.0
20K485,0.8,0.69,0.855,0.721,0.83,0.79,0.87,0.7,350 67 STREET,BROOKLYN ,10.0,43.0,70,Bay Ridge,68.0,124491.0
20K490,0.703,0.57,0.66,0.5489999999999999,0.7,0.58,0.68,0.58,8301 SHORE ROAD,BROOKLYN ,10.0,43.0,46,Bay Ridge,68.0,124491.0
20K505,0.591,0.425,0.635,0.469,0.6,0.49,0.58,0.49,5800 20 AVENUE,BROOKLYN ,12.0,44.0,468,Borough Park,66.0,191382.0
21K337,0.49200000000000005,0.382,0.48,0.475,0.5,0.41,0.61,0.41,2630 BENSON AVENUE,BROOKLYN ,13.0,47.0,306,Gravesend,60.0,104278.0
21K344,0.675,0.408,0.616,0.5529999999999999,0.78,0.52,0.7,0.61,521 WEST AVENUE,BROOKLYN ,13.0,47.0,354,West Brighton,60.0,104278.0
21K348,0.565,0.5,0.7,0.585,0.74,0.57,0.83,0.4,2630 BENSON AVENUE,BROOKLYN ,13.0,47.0,306,Gravesend,60.0,104278.0
21K410,0.635,0.466,0.7090000000000001,0.48,0.67,0.55,0.69,0.52,2800 OCEAN PARKWAY,BROOKLYN ,13.0,47.0,354,West Brighton,60.0,104278.0
21K525,0.76,0.662,0.804,0.72,0.78,0.76,0.81,0.67,1600 AVENUE L,BROOKLYN ,14.0,44.0,768,Midwood,70.0,160664.0
21K540,0.659,0.521,0.7240000000000001,0.536,0.74,0.57,0.79,0.56,50 AVENUE X,BROOKLYN ,13.0,47.0,308,Gravesend,60.0,104278.0
21K620,0.504,0.3,0.648,0.337,0.61,0.38,0.57,0.27,25 BRIGHTON  4TH ROAD,BROOKLYN ,13.0,48.0,366,Brighton Beach,60.0,104278.0
21K690,0.723,0.562,0.737,0.599,0.76,0.61,0.78,0.55,8310 21ST AVENUE,BROOKLYN ,11.0,47.0,288,Bensonhurst West,62.0,181981.0
22K405,0.867,0.828,0.866,0.8170000000000001,0.85,0.74,0.89,0.74,2839 BEDFORD AVENUE,BROOKLYN ,14.0,45.0,772,Flatbush,70.0,160664.0
22K425,0.733,0.5920000000000001,0.708,0.5670000000000001,0.75,0.6,0.76,0.63,3787 BEDFORD AVENUE,BROOKLYN ,15.0,48.0,642,Madison,61.0,159645.0
22K535,0.958,0.862,0.9890000000000001,0.885,0.96,0.87,0.96,0.91,1830 SHORE BOULEVARD,BROOKLYN ,15.0,48.0,616,Sheepshead Bay-Gerritsen Beach-Manhattan Beach,61.0,159645.0
22K555,0.987,0.89,0.9540000000000001,0.887,0.97,0.92,0.99,0.9,350 CONEY ISLAND AVENUE,BROOKLYN ,7.0,39.0,504,Windsor Terrace,72.0,126230.0
23K493,0.642,0.35200000000000004,0.7120000000000001,0.462,0.55,0.49,0.56,0.4,2021 BERGEN STREET,BROOKLYN ,16.0,41.0,"36,501",Ocean Hill,73.0,86468.0
23K514,0.769,0.467,0.633,0.418,0.59,0.46,0.53,0.37,226 BRISTOL STREET,BROOKLYN ,16.0,41.0,924,Brownsville,73.0,86468.0
23K697,0.736,0.35700000000000004,0.816,0.396,0.73,0.55,0.67,0.47,226 BRISTOL STREET,BROOKLYN ,16.0,41.0,924,Brownsville,73.0,86468.0
24Q264,0.9059999999999999,0.7609999999999999,0.961,0.752,0.9,0.83,0.91,0.73,30-20 THOMSON AVENUE,QUEENS   ,2.0,26.0,179,Hunters Point-Sunnyside-West Maspeth,108.0,113200.0
24Q267,0.705,0.644,0.762,0.526,0.8,0.6,0.7,0.52,30-20 THOMSON AVENUE,QUEENS   ,2.0,26.0,179,Hunters Point-Sunnyside-West Maspeth,108.0,113200.0
24Q299,0.9640000000000001,0.96,1.0,0.927,0.96,0.99,0.99,0.86,30-20 THOMSON AVENUE,QUEENS   ,2.0,26.0,179,Hunters Point-Sunnyside-West Maspeth,108.0,113200.0
24Q455,0.624,0.465,0.684,0.395,0.61,0.49,0.65,0.4,48-01 90 STREET,QUEENS   ,4.0,25.0,461,Elmhurst,110.0,172634.0
24Q485,0.578,0.385,0.58,0.317,0.6,0.37,0.58,0.38,21-27 HIMROD STREET,QUEENS   ,5.0,30.0,595,Ridgewood,104.0,170190.0
24Q520,0.782,0.366,0.755,0.5539999999999999,0.74,0.69,0.7,0.5,45-35 VAN DAM STREET,QUEENS   ,2.0,26.0,179,Hunters Point-Sunnyside-West Maspeth,108.0,113200.0
24Q530,0.802,0.475,0.7440000000000001,0.569,0.7,0.6,0.82,0.64,45-35 VAN DAM STREET,QUEENS   ,2.0,26.0,179,Hunters Point-Sunnyside-West Maspeth,108.0,113200.0
24Q550,0.7959999999999999,0.478,0.831,0.524,0.83,0.63,0.85,0.58,105-25 HORACE HARDING EXPY N,QUEENS   ,4.0,21.0,"43,701",Corona,110.0,172634.0
24Q600,0.767,0.428,0.745,0.526,0.8,0.55,0.8,0.62,37-02 47 AVENUE,QUEENS   ,2.0,26.0,189,Hunters Point-Sunnyside-West Maspeth,108.0,113200.0
24Q610,0.879,0.65,0.89,0.565,0.88,0.8,0.94,0.82,45-30 36 STREET,QUEENS   ,2.0,26.0,179,Hunters Point-Sunnyside-West Maspeth,108.0,113200.0
25Q263,0.5870000000000001,0.40700000000000003,0.602,0.424,0.7,0.51,0.69,0.58,144-80 BARCLAY AVENUE,QUEENS   ,7.0,20.0,863,Murray Hill,109.0,247354.0
25Q281,0.843,0.767,0.9209999999999999,0.747,0.92,0.75,0.92,0.8,46-21 COLDEN STREET,QUEENS   ,7.0,20.0,845,Flushing,109.0,247354.0
25Q285,0.903,0.768,0.9009999999999999,0.8190000000000001,0.91,0.76,0.95,0.8,34-65 192 STREET,QUEENS   ,11.0,19.0,"1,139",Auburndale,111.0,116431.0
25Q425,0.66,0.38299999999999995,0.654,0.431,0.66,0.47,0.66,0.51,63-25 MAIN STREET,QUEENS   ,8.0,24.0,809,Kew Gardens Hills,107.0,151107.0
25Q460,0.604,0.358,0.5920000000000001,0.371,0.54,0.41,0.57,0.39,35-01 UNION STREET,QUEENS   ,7.0,20.0,"1,161",Flushing,109.0,247354.0
25Q525,1.0,1.0,1.0,1.0,1.0,1.0,1.0,1.0,149-11 MELBOURNE AVENUE,QUEENS   ,8.0,24.0,809,Kew Gardens Hills,107.0,151107.0
25Q670,0.742,0.48700000000000004,0.764,0.653,0.81,0.75,0.82,0.65,75-40 PARSONS BOULEVARD,QUEENS   ,8.0,24.0,"77,908",Kew Gardens Hills,107.0,151107.0
26Q415,0.853,0.716,0.841,0.755,0.87,0.73,0.84,0.76,57-00 223RD STREET,QUEENS   ,11.0,23.0,"138,501",Oakland Gardens,111.0,116431.0
26Q430,0.875,0.68,0.888,0.7859999999999999,0.86,0.77,0.86,0.74,58-20 UTOPIA PARKWAY,QUEENS   ,11.0,20.0,"1,417",Auburndale,111.0,116431.0
26Q435,0.643,0.45299999999999996,0.555,0.445,0.53,0.4,0.54,0.45,230-17 HILLSIDE AVENUE,QUEENS   ,13.0,23.0,"1,301",Bellerose,105.0,188582.0
26Q495,0.862,0.745,0.914,0.733,0.92,0.77,0.91,0.79,32-24 CORPORAL KENNEDY STREET,QUEENS   ,11.0,19.0,"1,097",Bayside-Bayside Hills,111.0,116431.0
26Q566,0.8809999999999999,0.7020000000000001,0.885,0.696,0.9,0.74,0.9,0.74,74-20 COMMONWEALTH BLVD,QUEENS   ,13.0,23.0,"1,567",Bellerose,105.0,188582.0
27Q260,0.695,0.547,0.696,0.552,0.52,0.4,0.59,0.38,8-21 BAY 25 STREET,QUEENS   ,14.0,31.0,"100,802",Far Rockaway-Bayswater,101.0,67065.0
27Q262,0.9009999999999999,0.7040000000000001,0.909,0.723,0.86,0.61,0.97,0.66,100-00 BEACH CHANNEL DRIVE,QUEENS   ,14.0,32.0,"94,201",Breezy Point-Belle Harbor-Rockaway Park-Broad Channel,100.0,47913.0
27Q400,0.67,0.314,0.406,0.297,0.39,0.24,0.4,0.24,156-10 BAISLEY BOULEVARD,QUEENS   ,12.0,28.0,294,Springfield Gardens North,113.0,120132.0
27Q475,0.586,0.354,0.601,0.354,0.58,0.39,0.52,0.36,94-25 117 Street,QUEENS   ,9.0,28.0,120,Richmond Hill,102.0,144008.0
27Q475,0.586,0.354,0.601,0.354,0.58,0.39,0.52,0.36,94-25 117 Street,QUEENS   ,9.0,28.0,120,Richmond Hill,102.0,144008.0
27Q475,0.586,0.354,0.601,0.354,0.58,0.39,0.52,0.36,89-30 114 STREET,QUEENS   ,9.0,28.0,124,Richmond Hill,102.0,144008.0
27Q475,0.586,0.354,0.601,0.354,0.58,0.39,0.52,0.36,89-30 114 STREET,QUEENS   ,9.0,28.0,124,Richmond Hill,102.0,144008.0
27Q480,0.6409999999999999,0.33,0.536,0.39399999999999996,0.52,0.4,0.55,0.34,101-01 ROCKAWAY BOULEVARD,QUEENS   ,10.0,32.0,864,South Ozone Park,106.0,122441.0
27Q650,0.9790000000000001,0.593,0.963,0.821,0.98,0.82,0.95,0.74,94-06 104TH STREET,QUEENS   ,9.0,28.0,114,Richmond Hill,102.0,144008.0
28Q440,0.8440000000000001,0.649,0.8640000000000001,0.662,0.86,0.69,0.84,0.72,67-01 110 STREET,QUEENS   ,6.0,29.0,747,Forest Hills,112.0,112277.0
28Q505,0.7559999999999999,0.529,0.71,0.545,0.72,0.56,0.74,0.6,160-05 HIGHLAND AVENUE,QUEENS   ,8.0,24.0,448,Briarwood-Jamaica Hills,107.0,151107.0
28Q620,0.877,0.6970000000000001,0.856,0.6940000000000001,0.84,0.71,0.88,0.67,165-65 84 AVENUE,QUEENS   ,8.0,24.0,452,Briarwood-Jamaica Hills,107.0,151107.0
28Q680,0.99,0.898,0.9420000000000001,0.898,0.97,0.83,0.95,0.91,160-20 GOETHALS AVENUE,QUEENS   ,8.0,24.0,"1,267",Pomonok-Flushing Heights-Hillcrest,107.0,151107.0
28Q690,0.785,0.512,0.7120000000000001,0.546,0.76,0.58,0.74,0.5,116-25 GUY R BREWER BOULEVARD,QUEENS   ,12.0,28.0,278,Baisley Park,113.0,120132.0
29Q248,0.674,0.39799999999999996,0.57,0.43200000000000005,0.67,0.36,0.66,0.32,143-10 SPRINGFIELD BOULEVARD,QUEENS   ,12.0,31.0,330,Springfield Gardens North,113.0,120132.0
29Q259,0.8029999999999999,0.6559999999999999,0.7759999999999999,0.59,0.75,0.51,0.81,0.59,109-89 204 STREET,QUEENS   ,12.0,27.0,508,Hollis,113.0,120132.0
29Q265,0.6779999999999999,0.436,0.767,0.41700000000000004,0.83,0.46,0.85,0.49,143-10 SPRINGFIELD BOULEVARD,QUEENS   ,12.0,31.0,330,Springfield Gardens North,113.0,120132.0
29Q272,0.813,0.65,0.757,0.42,0.8,0.5,0.84,0.56,143-10 SPRINGFIELD BOULEVARD,QUEENS   ,12.0,31.0,330,Springfield Gardens North,113.0,120132.0
29Q283,0.684,0.45,0.826,0.40700000000000003,0.8,0.62,0.81,0.54,143-10 SPRINGFIELD BOULEVARD,QUEENS   ,12.0,31.0,330,Springfield Gardens North,113.0,120132.0
29Q492,0.746,0.455,0.774,0.563,0.69,0.55,0.66,0.5,207- 01 116TH  AVENUE,QUEENS   ,13.0,27.0,"53,401",Cambria Heights,105.0,188582.0
29Q498,0.7609999999999999,0.515,0.777,0.47700000000000004,0.74,0.51,0.78,0.49,207- 01 116TH  AVENUE,QUEENS   ,13.0,27.0,"53,401",Cambria Heights,105.0,188582.0
30Q445,0.565,0.434,0.63,0.43200000000000005,0.66,0.44,0.69,0.46,48-10 31 AVENUE,QUEENS   ,1.0,26.0,163,Astoria,114.0,202766.0
30Q450,0.657,0.429,0.561,0.429,0.59,0.4,0.63,0.43,14-30 BROADWAY,QUEENS   ,1.0,22.0,45,Astoria,114.0,202766.0
30Q501,0.934,0.836,0.966,0.8759999999999999,0.94,0.85,0.98,0.8,35-12 35TH AVENUE,QUEENS   ,1.0,26.0,57,Astoria,114.0,202766.0
30Q502,0.726,0.489,0.741,0.52,0.67,0.57,0.68,0.49,21-16 44TH ROAD,QUEENS   ,2.0,26.0,19,Hunters Point-Sunnyside-West Maspeth,108.0,113200.0
30Q555,0.726,0.435,0.667,0.444,0.7,0.45,0.62,0.51,28-01 41 AVENUE,QUEENS   ,1.0,26.0,33,Queensbridge-Ravenswood-Long Island City,114.0,202766.0
30Q575,0.89,0.813,0.8809999999999999,0.852,0.92,0.87,0.89,0.91,28-04 41 AVENUE,QUEENS   ,1.0,26.0,33,Queensbridge-Ravenswood-Long Island City,114.0,202766.0
30Q580,1.0,0.903,0.966,0.922,0.98,0.92,0.98,0.98,34-12 36 AVENUE,QUEENS   ,1.0,26.0,55,Queensbridge-Ravenswood-Long Island City,114.0,202766.0
31R047,0.941,0.9009999999999999,0.966,0.8240000000000001,0.97,0.95,0.9,0.88,100 ESSEX DRIVE,STATEN IS,2.0,51.0,"27,702",Todt Hill-Emerson Hill-Heartland Village-Lighthouse Hill,,
31R080,0.866,0.8170000000000001,0.9,0.677,0.92,0.79,0.91,0.79,715 OCEAN TERRACE,STATEN IS,2.0,50.0,177,Todt Hill-Emerson Hill-Heartland Village-Lighthouse Hill,122.0,194822.0
31R440,0.7559999999999999,0.473,0.7609999999999999,0.528,0.73,0.51,0.78,0.54,465 NEW DORP LANE,STATEN IS,2.0,50.0,"11,202",New Dorp-Midland Beach,122.0,194822.0
31R445,0.639,0.414,0.625,0.475,0.61,0.42,0.67,0.43,85 ST JOSEPHS AVENUE,STATEN IS,1.0,49.0,213,Port Richmond,,
31R450,0.698,0.456,0.738,0.47700000000000004,0.79,0.51,0.8,0.56,105 HAMILTON AVENUE,STATEN IS,1.0,49.0,7,West New Brighton-New Brighton-St. George,120.0,175876.0
31R455,0.835,0.639,0.845,0.652,0.83,0.66,0.85,0.66,100 LUTEN AVENUE,STATEN IS,3.0,51.0,198,Annadale-Huguenot-Prince's Bay-Eltingville,123.0,98032.0
31R460,0.812,0.647,0.7829999999999999,0.74,0.81,0.69,0.84,0.7,1200 MANOR ROAD,STATEN IS,2.0,50.0,181,Todt Hill-Emerson Hill-Heartland Village-Lighthouse Hill,122.0,194822.0
31R600,0.63,0.366,0.6679999999999999,0.461,0.6,0.44,0.75,0.42,290 ST MARKS PLACE,STATEN IS,1.0,49.0,9,West New Brighton-New Brighton-St. George,120.0,175876.0
32K403,0.728,0.382,0.648,0.34,0.75,0.37,0.62,0.36,400 IRVING AVENUE,BROOKLYN ,4.0,37.0,435,Bushwick North,83.0,112634.0
32K545,0.601,0.44799999999999995,0.665,0.47,0.7,0.42,0.59,0.53,1155 DEKALB AVENUE,BROOKLYN ,4.0,34.0,393,Bushwick South,83.0,112634.0
32K549,0.6829999999999999,0.55,0.635,0.327,0.55,0.34,0.69,0.31,400 IRVING AVENUE,BROOKLYN ,4.0,37.0,435,Bushwick North,83.0,112634.0
32K552,0.634,0.252,0.513,0.309,0.51,0.28,0.48,0.31,400 IRVING AVENUE,BROOKLYN ,4.0,37.0,435,Bushwick North,83.0,112634.0
32K554,1.0,0.581,0.9740000000000001,0.7709999999999999,0.97,0.84,0.94,0.74,321 PALMETTO STREET,BROOKLYN ,4.0,37.0,433,Bushwick North,83.0,112634.0
32K556,0.489,0.314,0.43200000000000005,0.252,0.7,0.23,0.68,0.38,797 BUSHWICK AVENUE,BROOKLYN ,4.0,34.0,393,Bushwick South,83.0,112634.0
03M485,0.982,0.861,0.995,0.9329999999999999,0.98,0.86,0.99,0.8,100 AMSTERDAM AVENUE,MANHATTAN,7.0,6.0,151,Lincoln Square,20.0,102624.0
31R605,1.0,0.99,1.0,0.9,1.0,1.0,1.0,0.99,485 CLAWSON STREET,STATEN IS,2.0,50.0,134,New Dorp-Midland Beach,122.0,194822.0
02M475,0.985,0.8540000000000001,0.9940000000000001,0.987,0.98,0.99,0.99,0.97,345 CHAMBERS STREET,MANHATTAN,1.0,1.0,"31,703",Battery Park City-Lower Manhattan,1.0,66679.0
05M692,0.982,0.934,0.99,0.604,0.99,0.98,0.99,0.95,240 CONVENT AVE,MANHATTAN,9.0,9.0,"21,703",Manhattanville,26.0,49508.0
10X696,1.0,0.9359999999999999,1.0,0.988,1.0,0.99,1.0,0.99,2925 GOULDEN AVENUE,BRONX    ,8.0,11.0,409,Van Cortlandt Village,50.0,101720.0
13K430,0.977,0.867,0.96,0.948,0.98,0.83,0.98,0.91,29 FT GREENE PLACE,BROOKLYN ,2.0,35.0,33,Fort Greene,88.0,51421.0
10X445,1.0,0.9940000000000001,0.9990000000000001,0.9990000000000001,1.0,1.0,1.0,0.96,75 WEST 205 STREET,BRONX    ,7.0,11.0,409,Van Cortlandt Village,52.0,139307.0
14K449,0.914,0.961,0.986,0.857,1.0,0.87,0.99,0.97,223 GRAHAM AVENUE,BROOKLYN ,1.0,34.0,505,East Williamsburg,90.0,116836.0
28Q687,1.0,0.972,0.983,1.0,0.99,0.84,1.0,0.89,94-50 159 STREET,QUEENS   ,12.0,27.0,246,Jamaica,103.0,105803.0
